{"cameraMode":{"drawMode":0,"name":"Shaded","section":"Shading Mode"},"sceneLighting":false,"audioPlay":false,"sceneViewState":{"m_AlwaysRefresh":false,"showFog":true,"showSkybox":false,"showFlares":true,"showImageEffects":true,"showParticleSystems":true,"showVisualEffectGraphs":true,"m_FxEnabled":true},"in2DMode":false,"pivot":{"x":0.15610277652740479,"y":-0.12406980991363526,"z":-0.1366337537765503},"rotation":{"x":0.06351792067289353,"y":0.9362632036209106,"z":-0.2545885741710663,"w":0.23358987271785737},"size":3.2050795555114748,"orthographic":false}