{"cameraMode":{"drawMode":0,"name":"Shaded","section":"Shading Mode"},"sceneLighting":false,"audioPlay":false,"sceneViewState":{"m_AlwaysRefresh":false,"showFog":true,"showSkybox":false,"showFlares":true,"showImageEffects":true,"showParticleSystems":true,"showVisualEffectGraphs":true,"m_FxEnabled":true},"in2DMode":false,"pivot":{"x":-0.0925000011920929,"y":0.004999997094273567,"z":-3.725290298461914e-9},"rotation":{"x":0.12822093069553376,"y":0.08023921400308609,"z":-0.010408694855868817,"w":0.9884400963783264},"size":1.2937250137329102,"orthographic":false}